ranking,score,title,emission_date,url,studio,themes,genres,demographics,emission_type,number_episode,members,first_emission,last_emission,Adult Cast,Anthropomorphic,CGDCT,Childcare,Combat Sports,Delinquents,Detective,Gag Humor,Gore,Historical,Isekai,Iyashikei,Love Polygon,Martial Arts,Mecha,Military,Music,Mythology,Not_available,Organized Crime,Parody,Performing Arts,Psychological,Reincarnation,Romantic Subtext,Samurai,School,Space,Strategy Game,Super Power,Survival,Team Sports,Time Travel,Vampire,Workplace,Action,Adventure,Award Winning,Comedy,Drama,Ecchi,Fantasy,Horror,Mystery,Not_available,Romance,Sci-Fi,Slice of Life,Sports,Supernatural,Suspense
1,9.13,Shingeki no Kyojin: The Final Season - Kanketsu-hen,Mar 2023 - 2023,https://myanimelist.net/anime/51535/Shingeki_no_Kyojin__The_Final_Season_-_Kanketsu-hen,MAPPA,"['Gore', 'Military', 'Survival']","['Action', 'Drama', 'Suspense']",Shounen,Special ,2,372149 ,2023-03-01,,0,0,0,0,0,0,0,0,1,0,0,0,0,0,0,1,0,0,0,0,0,0,0,0,0,0,0,0,0,0,1,0,0,0,0,1,0,0,0,1,0,0,0,0,0,0,0,0,0,0,1
2,9.11,Fullmetal Alchemist: Brotherhood,Apr 2009 - Jul 2010,https://myanimelist.net/anime/5114/Fullmetal_Alchemist__Brotherhood,Bones,['Military'],"['Action', 'Adventure', 'Drama', 'Fantasy']",Shounen,TV ,64,3120633 ,2009-04-01,2010-07-01,0,0,0,0,0,0,0,0,0,0,0,0,0,0,0,1,0,0,0,0,0,0,0,0,0,0,0,0,0,0,0,0,0,0,0,1,1,0,0,1,0,1,0,0,0,0,0,0,0,0,0
3,9.08,Bleach: Sennen Kessen-hen,Oct 2022 - Dec 2022,https://myanimelist.net/anime/41467/Bleach__Sennen_Kessen-hen,Pierrot,['Not_available'],"['Action', 'Adventure', 'Fantasy']",Shounen,TV ,13,411507 ,2022-10-01,2022-12-01,0,0,0,0,0,0,0,0,0,0,0,0,0,0,0,0,0,0,1,0,0,0,0,0,0,0,0,0,0,0,0,0,0,0,0,1,1,0,0,0,0,1,0,0,0,0,0,0,0,0,0
4,9.08,Steins;Gate,Apr 2011 - Sep 2011,https://myanimelist.net/anime/9253/Steins_Gate,White Fox,"['Psychological', 'Time Travel']","['Drama', 'Sci-Fi', 'Suspense']",,TV ,24,2401772 ,2011-04-01,2011-09-01,0,0,0,0,0,0,0,0,0,0,0,0,0,0,0,0,0,0,0,0,0,0,1,0,0,0,0,0,0,0,0,0,1,0,0,0,0,0,0,1,0,0,0,0,0,0,1,0,0,0,1
5,9.07,Gintama°,Apr 2015 - Mar 2016,https://myanimelist.net/anime/28977/Gintama°,Bandai Namco Pictures,"['Gag Humor', 'Historical', 'Parody', 'Samurai']","['Action', 'Comedy', 'Sci-Fi']",Shounen,TV ,51,584278 ,2015-04-01,2016-03-01,0,0,0,0,0,0,0,1,0,1,0,0,0,0,0,0,0,0,0,0,1,0,0,0,0,1,0,0,0,0,0,0,0,0,0,1,0,0,1,0,0,0,0,0,0,0,1,0,0,0,0
6,9.06,Kaguya-sama wa Kokurasetai: Ultra Romantic,Apr 2022 - Jun 2022,https://myanimelist.net/anime/43608/Kaguya-sama_wa_Kokurasetai__Ultra_Romantic,A-1 Pictures,['School'],"['Comedy', 'Romance']",Seinen,TV ,13,781203 ,2022-04-01,2022-06-01,0,0,0,0,0,0,0,0,0,0,0,0,0,0,0,0,0,0,0,0,0,0,0,0,0,0,1,0,0,0,0,0,0,0,0,0,0,0,1,0,0,0,0,0,0,1,0,0,0,0,0
7,9.06,Shingeki no Kyojin Season 3 Part 2,Apr 2019 - Jul 2019,https://myanimelist.net/anime/38524/Shingeki_no_Kyojin_Season_3_Part_2,Wit Studio,"['Gore', 'Military', 'Survival']","['Action', 'Drama']",Shounen,TV ,10,2056524 ,2019-04-01,2019-07-01,0,0,0,0,0,0,0,0,1,0,0,0,0,0,0,1,0,0,0,0,0,0,0,0,0,0,0,0,0,0,1,0,0,0,0,1,0,0,0,1,0,0,0,0,0,0,0,0,0,0,0
8,9.05,Gintama: The Final,Jan 2021 - Jan 2021,https://myanimelist.net/anime/39486/Gintama__The_Final,Bandai Namco Pictures,"['Gag Humor', 'Historical', 'Parody', 'Samurai']","['Action', 'Comedy', 'Drama', 'Sci-Fi']",Shounen,Movie ,1,127684 ,2021-01-01,2021-01-01,0,0,0,0,0,0,0,1,0,1,0,0,0,0,0,0,0,0,0,0,1,0,0,0,0,1,0,0,0,0,0,0,0,0,0,1,0,0,1,1,0,0,0,0,0,0,1,0,0,0,0
9,9.04,Gintama',Apr 2011 - Mar 2012,https://myanimelist.net/anime/9969/Gintama,Sunrise,"['Gag Humor', 'Historical', 'Parody', 'Samurai']","['Action', 'Comedy', 'Sci-Fi']",Shounen,TV ,51,515620 ,2011-04-01,2012-03-01,0,0,0,0,0,0,0,1,0,1,0,0,0,0,0,0,0,0,0,0,1,0,0,0,0,1,0,0,0,0,0,0,0,0,0,1,0,0,1,0,0,0,0,0,0,0,1,0,0,0,0
10,9.04,Hunter x Hunter (2011),Oct 2011 - Sep 2014,https://myanimelist.net/anime/11061/Hunter_x_Hunter_2011,Madhouse,['Not_available'],"['Action', 'Adventure', 'Fantasy']",Shounen,TV ,148,2608214 ,2011-10-01,2014-09-01,0,0,0,0,0,0,0,0,0,0,0,0,0,0,0,0,0,0,1,0,0,0,0,0,0,0,0,0,0,0,0,0,0,0,0,1,1,0,0,0,0,1,0,0,0,0,0,0,0,0,0
11,9.03,Ginga Eiyuu Densetsu,Jan 1988 - Mar 1997,https://myanimelist.net/anime/820/Ginga_Eiyuu_Densetsu,K-Factory,"['Adult Cast', 'Military', 'Space']","['Drama', 'Sci-Fi']",,OVA ,110,300783 ,1988-01-01,1997-03-01,1,0,0,0,0,0,0,0,0,0,0,0,0,0,0,1,0,0,0,0,0,0,0,0,0,0,0,1,0,0,0,0,0,0,0,0,0,0,0,1,0,0,0,0,0,0,1,0,0,0,0
12,9.03,Gintama': Enchousen,Oct 2012 - Mar 2013,https://myanimelist.net/anime/15417/Gintama__Enchousen,Sunrise,"['Gag Humor', 'Historical', 'Parody', 'Samurai']","['Action', 'Comedy', 'Sci-Fi']",Shounen,TV ,13,304250 ,2012-10-01,2013-03-01,0,0,0,0,0,0,0,1,0,1,0,0,0,0,0,0,0,0,0,0,1,0,0,0,0,1,0,0,0,0,0,0,0,0,0,1,0,0,1,0,0,0,0,0,0,0,1,0,0,0,0
13,9.01,Fruits Basket: The Final,Apr 2021 - Jun 2021,https://myanimelist.net/anime/42938/Fruits_Basket__The_Final,TMS Entertainment,['Not_available'],"['Drama', 'Romance', 'Supernatural']",Shoujo,TV ,13,416287 ,2021-04-01,2021-06-01,0,0,0,0,0,0,0,0,0,0,0,0,0,0,0,0,0,0,1,0,0,0,0,0,0,0,0,0,0,0,0,0,0,0,0,0,0,0,0,1,0,0,0,0,0,1,0,0,0,1,0
14,8.99,Gintama.,Jan 2017 - Mar 2017,https://myanimelist.net/anime/34096/Gintama,Bandai Namco Pictures,"['Gag Humor', 'Historical', 'Parody', 'Samurai']","['Action', 'Comedy', 'Sci-Fi']",Shounen,TV ,12,292511 ,2017-01-01,2017-03-01,0,0,0,0,0,0,0,1,0,1,0,0,0,0,0,0,0,0,0,0,1,0,0,0,0,1,0,0,0,0,0,0,0,0,0,1,0,0,1,0,0,0,0,0,0,0,1,0,0,0,0
15,8.94,3-gatsu no Lion 2nd Season,Oct 2017 - Mar 2018,https://myanimelist.net/anime/35180/3-gatsu_no_Lion_2nd_Season,Shaft,"['Childcare', 'Iyashikei', 'Strategy Game']",['Drama'],Seinen,TV ,22,377876 ,2017-10-01,2018-03-01,0,0,0,1,0,0,0,0,0,0,0,1,0,0,0,0,0,0,0,0,0,0,0,0,0,0,0,0,1,0,0,0,0,0,0,0,0,0,0,1,0,0,0,0,0,0,0,0,0,0,0
16,8.94,Gintama,Apr 2006 - Mar 2010,https://myanimelist.net/anime/918/Gintama,Sunrise,"['Gag Humor', 'Historical', 'Parody', 'Samurai']","['Action', 'Comedy', 'Sci-Fi']",Shounen,TV ,201,1009984 ,2006-04-01,2010-03-01,0,0,0,0,0,0,0,1,0,1,0,0,0,0,0,0,0,0,0,0,1,0,0,0,0,1,0,0,0,0,0,0,0,0,0,1,0,0,1,0,0,0,0,0,0,0,1,0,0,0,0
17,8.94,Kaguya-sama wa Kokurasetai: First Kiss wa Owaranai,Dec 2022 - Dec 2022,https://myanimelist.net/anime/52198/Kaguya-sama_wa_Kokurasetai__First_Kiss_wa_Owaranai,A-1 Pictures,['School'],"['Comedy', 'Drama', 'Romance']",Seinen,Movie ,1,119616 ,2022-12-01,2022-12-01,0,0,0,0,0,0,0,0,0,0,0,0,0,0,0,0,0,0,0,0,0,0,0,0,0,0,1,0,0,0,0,0,0,0,0,0,0,0,1,1,0,0,0,0,0,1,0,0,0,0,0
18,8.94,Koe no Katachi,Sep 2016 - Sep 2016,https://myanimelist.net/anime/28851/Koe_no_Katachi,Kyoto Animation,['Romantic Subtext'],"['Award Winning', 'Drama']",Shounen,Movie ,1,2152705 ,2016-09-01,2016-09-01,0,0,0,0,0,0,0,0,0,0,0,0,0,0,0,0,0,0,0,0,0,0,0,0,1,0,0,0,0,0,0,0,0,0,0,0,0,1,0,1,0,0,0,0,0,0,0,0,0,0,0
19,8.93,Clannad: After Story,Oct 2008 - Mar 2009,https://myanimelist.net/anime/4181/Clannad__After_Story,Kyoto Animation,['Not_available'],"['Drama', 'Romance', 'Supernatural']",,TV ,24,1136990 ,2008-10-01,2009-03-01,0,0,0,0,0,0,0,0,0,0,0,0,0,0,0,0,0,0,1,0,0,0,0,0,0,0,0,0,0,0,0,0,0,0,0,0,0,0,0,1,0,0,0,0,0,1,0,0,0,1,0
20,8.92,Gintama Movie 2: Kanketsu-hen - Yorozuya yo Eien Nare,Jul 2013 - Jul 2013,https://myanimelist.net/anime/15335/Gintama_Movie_2__Kanketsu-hen_-_Yorozuya_yo_Eien_Nare,Sunrise,"['Gag Humor', 'Historical', 'Parody', 'Samurai', 'Time Travel']","['Action', 'Comedy', 'Sci-Fi']",Shounen,Movie ,1,225828 ,2013-07-01,2013-07-01,0,0,0,0,0,0,0,1,0,1,0,0,0,0,0,0,0,0,0,0,1,0,0,0,0,1,0,0,0,0,0,0,1,0,0,1,0,0,1,0,0,0,0,0,0,0,1,0,0,0,0
21,8.91,Code Geass: Hangyaku no Lelouch R2,Apr 2008 - Sep 2008,https://myanimelist.net/anime/2904/Code_Geass__Hangyaku_no_Lelouch_R2,Sunrise,"['Mecha', 'Military', 'Super Power']","['Action', 'Award Winning', 'Drama', 'Sci-Fi']",,TV ,25,1675969 ,2008-04-01,2008-09-01,0,0,0,0,0,0,0,0,0,0,0,0,0,0,1,1,0,0,0,0,0,0,0,0,0,0,0,0,0,1,0,0,0,0,0,1,0,1,0,1,0,0,0,0,0,0,1,0,0,0,0
22,8.91,Violet Evergarden Movie,Sep 2020 - Sep 2020,https://myanimelist.net/anime/37987/Violet_Evergarden_Movie,Kyoto Animation,['Not_available'],"['Award Winning', 'Drama', 'Fantasy']",,Movie ,1,528669 ,2020-09-01,2020-09-01,0,0,0,0,0,0,0,0,0,0,0,0,0,0,0,0,0,0,1,0,0,0,0,0,0,0,0,0,0,0,0,0,0,0,0,0,0,1,0,1,0,1,0,0,0,0,0,0,0,0,0
23,8.89,Bocchi the Rock!,Oct 2022 - Dec 2022,https://myanimelist.net/anime/47917/Bocchi_the_Rock,CloverWorks,"['CGDCT', 'Music']",['Comedy'],,TV ,12,370595 ,2022-10-01,2022-12-01,0,0,1,0,0,0,0,0,0,0,0,0,0,0,0,0,1,0,0,0,0,0,0,0,0,0,0,0,0,0,0,0,0,0,0,0,0,0,1,0,0,0,0,0,0,0,0,0,0,0,0
24,8.88,Gintama.: Shirogane no Tamashii-hen - Kouhan-sen,Jul 2018 - Oct 2018,https://myanimelist.net/anime/37491/Gintama__Shirogane_no_Tamashii-hen_-_Kouhan-sen,Bandai Namco Pictures,"['Gag Humor', 'Historical', 'Parody', 'Samurai']","['Action', 'Comedy', 'Sci-Fi']",Shounen,TV ,14,181735 ,2018-07-01,2018-10-01,0,0,0,0,0,0,0,1,0,1,0,0,0,0,0,0,0,0,0,0,1,0,0,0,0,1,0,0,0,0,0,0,0,0,0,1,0,0,1,0,0,0,0,0,0,0,1,0,0,0,0
25,8.88,Owarimonogatari 2nd Season,Aug 2017 - Aug 2017,https://myanimelist.net/anime/35247/Owarimonogatari_2nd_Season,Shaft,['Vampire'],"['Comedy', 'Mystery', 'Supernatural']",,TV ,7,374580 ,2017-08-01,2017-08-01,0,0,0,0,0,0,0,0,0,0,0,0,0,0,0,0,0,0,0,0,0,0,0,0,0,0,0,0,0,0,0,0,0,1,0,0,0,0,1,0,0,0,0,1,0,0,0,0,0,1,0
26,8.86,Monster,Apr 2004 - Sep 2005,https://myanimelist.net/anime/19/Monster,Madhouse,"['Adult Cast', 'Psychological']","['Drama', 'Mystery', 'Suspense']",Seinen,TV ,74,980693 ,2004-04-01,2005-09-01,1,0,0,0,0,0,0,0,0,0,0,0,0,0,0,0,0,0,0,0,0,0,1,0,0,0,0,0,0,0,0,0,0,0,0,0,0,0,0,1,0,0,0,1,0,0,0,0,0,0,1
27,8.85,Kimi no Na wa.,Aug 2016 - Aug 2016,https://myanimelist.net/anime/32281/Kimi_no_Na_wa,CoMix Wave Films,['Romantic Subtext'],"['Award Winning', 'Drama', 'Supernatural']",,Movie ,1,2551186 ,2016-08-01,2016-08-01,0,0,0,0,0,0,0,0,0,0,0,0,0,0,0,0,0,0,0,0,0,0,0,0,1,0,0,0,0,0,0,0,0,0,0,0,0,1,0,1,0,0,0,0,0,0,0,0,0,1,0
28,8.81,Gintama.: Shirogane no Tamashii-hen,Jan 2018 - Mar 2018,https://myanimelist.net/anime/36838/Gintama__Shirogane_no_Tamashii-hen,Bandai Namco Pictures,"['Gag Humor', 'Historical', 'Parody', 'Samurai']","['Action', 'Comedy', 'Sci-Fi']",Shounen,TV ,12,196172 ,2018-01-01,2018-03-01,0,0,0,0,0,0,0,1,0,1,0,0,0,0,0,0,0,0,0,0,1,0,0,0,0,1,0,0,0,0,0,0,0,0,0,1,0,0,1,0,0,0,0,0,0,0,1,0,0,0,0
29,8.81,Kimetsu no Yaiba: Yuukaku-hen,Dec 2021 - Feb 2022,https://myanimelist.net/anime/47778/Kimetsu_no_Yaiba__Yuukaku-hen,ufotable,['Historical'],"['Action', 'Fantasy']",Shounen,TV ,11,1175847 ,2021-12-01,2022-02-01,0,0,0,0,0,0,0,0,0,1,0,0,0,0,0,0,0,0,0,0,0,0,0,0,0,0,0,0,0,0,0,0,0,0,0,1,0,0,0,0,0,1,0,0,0,0,0,0,0,0,0
30,8.81,Kingdom 3rd Season,Apr 2020 - Oct 2021,https://myanimelist.net/anime/40682/Kingdom_3rd_Season,Pierrot,"['Historical', 'Military']",['Action'],Seinen,TV ,26,88036 ,2020-04-01,2021-10-01,0,0,0,0,0,0,0,0,0,1,0,0,0,0,0,1,0,0,0,0,0,0,0,0,0,0,0,0,0,0,0,0,0,0,0,1,0,0,0,0,0,0,0,0,0,0,0,0,0,0,0
31,8.8,Mob Psycho 100 II,Jan 2019 - Apr 2019,https://myanimelist.net/anime/37510/Mob_Psycho_100_II,Bones,['Super Power'],"['Action', 'Comedy', 'Supernatural']",,TV ,13,1403424 ,2019-01-01,2019-04-01,0,0,0,0,0,0,0,0,0,0,0,0,0,0,0,0,0,0,0,0,0,0,0,0,0,0,0,0,0,1,0,0,0,0,0,1,0,0,1,0,0,0,0,0,0,0,0,0,0,1,0
32,8.8,Shingeki no Kyojin: The Final Season,Dec 2020 - Mar 2021,https://myanimelist.net/anime/40028/Shingeki_no_Kyojin__The_Final_Season,MAPPA,"['Gore', 'Military', 'Survival']","['Action', 'Drama']",Shounen,TV ,16,1803577 ,2020-12-01,2021-03-01,0,0,0,0,0,0,0,0,1,0,0,0,0,0,0,1,0,0,0,0,0,0,0,0,0,0,0,0,0,0,1,0,0,0,0,1,0,0,0,1,0,0,0,0,0,0,0,0,0,0,0
33,8.79,Kizumonogatari III: Reiketsu-hen,Jan 2017 - Jan 2017,https://myanimelist.net/anime/31758/Kizumonogatari_III__Reiketsu-hen,Shaft,['Vampire'],"['Action', 'Mystery', 'Supernatural']",,Movie ,1,433456 ,2017-01-01,2017-01-01,0,0,0,0,0,0,0,0,0,0,0,0,0,0,0,0,0,0,0,0,0,0,0,0,0,0,0,0,0,0,0,0,0,1,0,1,0,0,0,0,0,0,0,1,0,0,0,0,0,1,0
34,8.78,Sen to Chihiro no Kamikakushi,Jul 2001 - Jul 2001,https://myanimelist.net/anime/199/Sen_to_Chihiro_no_Kamikakushi,Studio Ghibli,['Mythology'],"['Adventure', 'Award Winning', 'Supernatural']",,Movie ,1,1732746 ,2001-07-01,2001-07-01,0,0,0,0,0,0,0,0,0,0,0,0,0,0,0,0,0,1,0,0,0,0,0,0,0,0,0,0,0,0,0,0,0,0,0,0,1,1,0,0,0,0,0,0,0,0,0,0,0,1,0
35,8.78,Haikyuu!! Karasuno Koukou vs. Shiratorizawa Gakuen Koukou,Oct 2016 - Dec 2016,https://myanimelist.net/anime/32935/Haikyuu_Karasuno_Koukou_vs_Shiratorizawa_Gakuen_Koukou,Production I.G,"['School', 'Team Sports']",['Sports'],Shounen,TV ,10,1123487 ,2016-10-01,2016-12-01,0,0,0,0,0,0,0,0,0,0,0,0,0,0,0,0,0,0,0,0,0,0,0,0,0,0,1,0,0,0,0,1,0,0,0,0,0,0,0,0,0,0,0,0,0,0,0,0,1,0,0
36,8.77,Monogatari Series: Second Season,Jul 2013 - Dec 2013,https://myanimelist.net/anime/17074/Monogatari_Series__Second_Season,Shaft,['Vampire'],"['Comedy', 'Mystery', 'Romance', 'Supernatural']",,TV ,26,640959 ,2013-07-01,2013-12-01,0,0,0,0,0,0,0,0,0,0,0,0,0,0,0,0,0,0,0,0,0,0,0,0,0,0,0,0,0,0,0,0,0,1,0,0,0,0,1,0,0,0,0,1,0,1,0,0,0,1,0
37,8.77,Shingeki no Kyojin: The Final Season Part 2,Jan 2022 - Apr 2022,https://myanimelist.net/anime/48583/Shingeki_no_Kyojin__The_Final_Season_Part_2,MAPPA,"['Gore', 'Military', 'Survival']","['Action', 'Drama']",Shounen,TV ,12,1089424 ,2022-01-01,2022-04-01,0,0,0,0,0,0,0,0,1,0,0,0,0,0,0,1,0,0,0,0,0,0,0,0,0,0,0,0,0,0,1,0,0,0,0,1,0,0,0,1,0,0,0,0,0,0,0,0,0,0,0
38,8.76,Hajime no Ippo,Oct 2000 - Mar 2002,https://myanimelist.net/anime/263/Hajime_no_Ippo,Madhouse,['Combat Sports'],['Sports'],Shounen,TV ,75,533974 ,2000-10-01,2002-03-01,0,0,0,0,1,0,0,0,0,0,0,0,0,0,0,0,0,0,0,0,0,0,0,0,0,0,0,0,0,0,0,0,0,0,0,0,0,0,0,0,0,0,0,0,0,0,0,0,1,0,0
39,8.75,Cowboy Bebop,Apr 1998 - Apr 1999,https://myanimelist.net/anime/1/Cowboy_Bebop,Sunrise,"['Adult Cast', 'Space']","['Action', 'Award Winning', 'Sci-Fi']",,TV ,26,1744074 ,1998-04-01,1999-04-01,1,0,0,0,0,0,0,0,0,0,0,0,0,0,0,0,0,0,0,0,0,0,0,0,0,0,0,1,0,0,0,0,0,0,0,1,0,1,0,0,0,0,0,0,0,0,1,0,0,0,0
40,8.75,Kingdom 4th Season,Apr 2022 - Oct 2022,https://myanimelist.net/anime/50160/Kingdom_4th_Season,Pierrot,"['Historical', 'Military']",['Action'],Seinen,TV ,26,50837 ,2022-04-01,2022-10-01,0,0,0,0,0,0,0,0,0,1,0,0,0,0,0,1,0,0,0,0,0,0,0,0,0,0,0,0,0,0,0,0,0,0,0,1,0,0,0,0,0,0,0,0,0,0,0,0,0,0,0
41,8.74,Shiguang Dailiren,Apr 2021 - Jul 2021,https://myanimelist.net/anime/44074/Shiguang_Dailiren,Studio LAN,"['Adult Cast', 'Time Travel']","['Drama', 'Supernatural']",,ONA ,11,282944 ,2021-04-01,2021-07-01,1,0,0,0,0,0,0,0,0,0,0,0,0,0,0,0,0,0,0,0,0,0,0,0,0,0,0,0,0,0,0,0,1,0,0,0,0,0,0,1,0,0,0,0,0,0,0,0,0,1,0
42,8.73,Mob Psycho 100 III,Oct 2022 - Dec 2022,https://myanimelist.net/anime/50172/Mob_Psycho_100_III,Bones,['Super Power'],"['Action', 'Comedy', 'Supernatural']",,TV ,12,533907 ,2022-10-01,2022-12-01,0,0,0,0,0,0,0,0,0,0,0,0,0,0,0,0,0,0,0,0,0,0,0,0,0,0,0,0,0,1,0,0,0,0,0,1,0,0,1,0,0,0,0,0,0,0,0,0,0,1,0
43,8.73,Mushishi Zoku Shou 2nd Season,Oct 2014 - Dec 2014,https://myanimelist.net/anime/24701/Mushishi_Zoku_Shou_2nd_Season,Artland,"['Adult Cast', 'Historical', 'Iyashikei']","['Adventure', 'Fantasy', 'Mystery', 'Slice of Life', 'Supernatural']",Seinen,TV ,10,251446 ,2014-10-01,2014-12-01,1,0,0,0,0,0,0,0,0,1,0,1,0,0,0,0,0,0,0,0,0,0,0,0,0,0,0,0,0,0,0,0,0,0,0,0,1,0,0,0,0,1,0,1,0,0,0,1,0,1,0
44,8.73,Shouwa Genroku Rakugo Shinjuu: Sukeroku Futatabi-hen,Jan 2017 - Mar 2017,https://myanimelist.net/anime/33095/Shouwa_Genroku_Rakugo_Shinjuu__Sukeroku_Futatabi-hen,Studio Deen,"['Adult Cast', 'Historical', 'Love Polygon', 'Performing Arts']",['Drama'],Josei,TV ,12,178616 ,2017-01-01,2017-03-01,1,0,0,0,0,0,0,0,0,1,0,0,1,0,0,0,0,0,0,0,0,1,0,0,0,0,0,0,0,0,0,0,0,0,0,0,0,0,0,1,0,0,0,0,0,0,0,0,0,0,0
45,8.73,Vinland Saga,Jul 2019 - Dec 2019,https://myanimelist.net/anime/37521/Vinland_Saga,Wit Studio,"['Gore', 'Historical']","['Action', 'Adventure', 'Drama']",Seinen,TV ,24,1306020 ,2019-07-01,2019-12-01,0,0,0,0,0,0,0,0,1,1,0,0,0,0,0,0,0,0,0,0,0,0,0,0,0,0,0,0,0,0,0,0,0,0,0,1,1,0,0,1,0,0,0,0,0,0,0,0,0,0,0
46,8.71,86 Part 2,Oct 2021 - Mar 2022,https://myanimelist.net/anime/48569/86_Part_2,A-1 Pictures,"['Mecha', 'Military']","['Action', 'Drama', 'Sci-Fi']",,TV ,12,411744 ,2021-10-01,2022-03-01,0,0,0,0,0,0,0,0,0,0,0,0,0,0,1,1,0,0,0,0,0,0,0,0,0,0,0,0,0,0,0,0,0,0,0,1,0,0,0,1,0,0,0,0,0,0,1,0,0,0,0
47,8.71,Ashita no Joe 2,Oct 1980 - Aug 1981,https://myanimelist.net/anime/2921/Ashita_no_Joe_2,Tokyo Movie Shinsha,['Combat Sports'],"['Drama', 'Sports']",Shounen,TV ,47,46688 ,1980-10-01,1981-08-01,0,0,0,0,1,0,0,0,0,0,0,0,0,0,0,0,0,0,0,0,0,0,0,0,0,0,0,0,0,0,0,0,0,0,0,0,0,0,0,1,0,0,0,0,0,0,0,0,1,0,0
48,8.71,Rurouni Kenshin: Meiji Kenkaku Romantan - Tsuioku-hen,Feb 1999 - Sep 1999,https://myanimelist.net/anime/44/Rurouni_Kenshin__Meiji_Kenkaku_Romantan_-_Tsuioku-hen,Studio Deen,"['Adult Cast', 'Historical', 'Martial Arts', 'Samurai']","['Action', 'Drama', 'Romance']",Shounen,OVA ,4,266605 ,1999-02-01,1999-09-01,1,0,0,0,0,0,0,0,0,1,0,0,0,1,0,0,0,0,0,0,0,0,0,0,0,1,0,0,0,0,0,0,0,0,0,1,0,0,0,1,0,0,0,0,0,1,0,0,0,0,0
49,8.7,Mushishi Zoku Shou,Apr 2014 - Jun 2014,https://myanimelist.net/anime/21939/Mushishi_Zoku_Shou,Artland,"['Adult Cast', 'Historical', 'Iyashikei']","['Adventure', 'Fantasy', 'Mystery', 'Slice of Life', 'Supernatural']",Seinen,TV ,10,284875 ,2014-04-01,2014-06-01,1,0,0,0,0,0,0,0,0,1,0,1,0,0,0,0,0,0,0,0,0,0,0,0,0,0,0,0,0,0,0,0,0,0,0,0,1,0,0,0,0,1,0,1,0,0,0,1,0,1,0
50,8.7,Mushoku Tensei: Isekai Ittara Honki Dasu Part 2,Oct 2021 - Dec 2021,https://myanimelist.net/anime/45576/Mushoku_Tensei__Isekai_Ittara_Honki_Dasu_Part_2,Studio Bind,"['Isekai', 'Reincarnation']","['Drama', 'Fantasy', 'Ecchi']",,TV ,12,753550 ,2021-10-01,2021-12-01,0,0,0,0,0,0,0,0,0,0,1,0,0,0,0,0,0,0,0,0,0,0,0,1,0,0,0,0,0,0,0,0,0,0,0,0,0,0,0,1,1,1,0,0,0,0,0,0,0,0,0
51,8.7,Odd Taxi,Apr 2021 - Jun 2021,https://myanimelist.net/anime/46102/Odd_Taxi,OLM,['Anthropomorphic'],"['Award Winning', 'Mystery']",,TV ,13,376068 ,2021-04-01,2021-06-01,0,1,0,0,0,0,0,0,0,0,0,0,0,0,0,0,0,0,0,0,0,0,0,0,0,0,0,0,0,0,0,0,0,0,0,0,0,1,0,0,0,0,0,1,0,0,0,0,0,0,0
52,8.7,Code Geass: Hangyaku no Lelouch,Oct 2006 - Jul 2007,https://myanimelist.net/anime/1575/Code_Geass__Hangyaku_no_Lelouch,Sunrise,"['Mecha', 'Military', 'School', 'Super Power']","['Action', 'Award Winning', 'Drama', 'Sci-Fi']",,TV ,25,2123734 ,2006-10-01,2007-07-01,0,0,0,0,0,0,0,0,0,0,0,0,0,0,1,1,0,0,0,0,0,0,0,0,0,0,1,0,0,1,0,0,0,0,0,1,0,1,0,1,0,0,0,0,0,0,1,0,0,0,0
53,8.69,Fate/stay night Movie: Heaven's Feel - III. Spring Song,Aug 2020 - Aug 2020,https://myanimelist.net/anime/33050/Fate_stay_night_Movie__Heavens_Feel_-_III_Spring_Song,ufotable,['Not_available'],"['Action', 'Fantasy', 'Supernatural']",,Movie ,1,314545 ,2020-08-01,2020-08-01,0,0,0,0,0,0,0,0,0,0,0,0,0,0,0,0,0,0,1,0,0,0,0,0,0,0,0,0,0,0,0,0,0,0,0,1,0,0,0,0,0,1,0,0,0,0,0,0,0,1,0
54,8.69,Great Teacher Onizuka,Jun 1999 - Sep 2000,https://myanimelist.net/anime/245/Great_Teacher_Onizuka,Pierrot,"['Delinquents', 'School', 'Workplace']",['Comedy'],Shounen,TV ,43,777162 ,1999-06-01,2000-09-01,0,0,0,0,0,1,0,0,0,0,0,0,0,0,0,0,0,0,0,0,0,0,0,0,0,0,1,0,0,0,0,0,0,0,1,0,0,0,1,0,0,0,0,0,0,0,0,0,0,0,0
55,8.69,Vinland Saga Season 2,Jan 2023 -,https://myanimelist.net/anime/49387/Vinland_Saga_Season_2,MAPPA,"['Gore', 'Historical']","['Action', 'Adventure', 'Drama']",Seinen,TV ,24,360270 ,,,0,0,0,0,0,0,0,0,1,1,0,0,0,0,0,0,0,0,0,0,0,0,0,0,0,0,0,0,0,0,0,0,0,0,0,1,1,0,0,1,0,0,0,0,0,0,0,0,0,0,0
56,8.69,One Piece,Oct 1999 -,https://myanimelist.net/anime/21/One_Piece,Toei Animation,['Not_available'],"['Action', 'Adventure', 'Fantasy']",Shounen,TV ? eps),,2122576 ,,,0,0,0,0,0,0,0,0,0,0,0,0,0,0,0,0,0,0,1,0,0,0,0,0,0,0,0,0,0,0,0,0,0,0,0,1,1,0,0,0,0,1,0,0,0,0,0,0,0,0,0
57,8.67,Made in Abyss: Retsujitsu no Ougonkyou,Jul 2022 - Sep 2022,https://myanimelist.net/anime/41084/Made_in_Abyss__Retsujitsu_no_Ougonkyou,Kinema Citrus,"['Gore', 'Survival']","['Adventure', 'Drama', 'Fantasy', 'Mystery', 'Sci-Fi']",,TV ,12,363651 ,2022-07-01,2022-09-01,0,0,0,0,0,0,0,0,1,0,0,0,0,0,0,0,0,0,0,0,0,0,0,0,0,0,0,0,0,0,1,0,0,0,0,0,1,0,0,1,0,1,0,1,0,0,1,0,0,0,0
58,8.67,Mononoke Hime,Jul 1997 - Jul 1997,https://myanimelist.net/anime/164/Mononoke_Hime,Studio Ghibli,['Not_available'],"['Action', 'Adventure', 'Award Winning', 'Fantasy']",,Movie ,1,1172719 ,1997-07-01,1997-07-01,0,0,0,0,0,0,0,0,0,0,0,0,0,0,0,0,0,0,1,0,0,0,0,0,0,0,0,0,0,0,0,0,0,0,0,1,1,1,0,0,0,1,0,0,0,0,0,0,0,0,0
59,8.67,JoJo no Kimyou na Bouken Part 6: Stone Ocean Part 3,Dec 2022 - Dec 2022,https://myanimelist.net/anime/53273/JoJo_no_Kimyou_na_Bouken_Part_6__Stone_Ocean_Part_3,David Production,['Not_available'],"['Action', 'Adventure', 'Supernatural']",Shounen,ONA ,14,129778 ,2022-12-01,2022-12-01,0,0,0,0,0,0,0,0,0,0,0,0,0,0,0,0,0,0,1,0,0,0,0,0,0,0,0,0,0,0,0,0,0,0,0,1,1,0,0,0,0,0,0,0,0,0,0,0,0,1,0
60,8.67,Violet Evergarden,Jan 2018 - Apr 2018,https://myanimelist.net/anime/33352/Violet_Evergarden,Kyoto Animation,['Not_available'],"['Drama', 'Fantasy']",,TV ,13,1646847 ,2018-01-01,2018-04-01,0,0,0,0,0,0,0,0,0,0,0,0,0,0,0,0,0,0,1,0,0,0,0,0,0,0,0,0,0,0,0,0,0,0,0,0,0,0,0,1,0,1,0,0,0,0,0,0,0,0,0
61,8.66,Made in Abyss,Jul 2017 - Sep 2017,https://myanimelist.net/anime/34599/Made_in_Abyss,Kinema Citrus,"['Gore', 'Survival']","['Adventure', 'Drama', 'Fantasy', 'Mystery', 'Sci-Fi']",,TV ,13,1267858 ,2017-07-01,2017-09-01,0,0,0,0,0,0,0,0,1,0,0,0,0,0,0,0,0,0,0,0,0,0,0,0,0,0,0,0,0,0,1,0,0,0,0,0,1,0,0,1,0,1,0,1,0,0,1,0,0,0,0
62,8.66,Mushishi,Oct 2005 - Jun 2006,https://myanimelist.net/anime/457/Mushishi,Artland,"['Adult Cast', 'Historical', 'Iyashikei']","['Adventure', 'Fantasy', 'Mystery', 'Slice of Life', 'Supernatural']",Seinen,TV ,26,784589 ,2005-10-01,2006-06-01,1,0,0,0,0,0,0,0,0,1,0,1,0,0,0,0,0,0,0,0,0,0,0,0,0,0,0,0,0,0,0,0,0,0,0,0,1,0,0,0,0,1,0,1,0,0,0,1,0,1,0
63,8.66,Hajime no Ippo: New Challenger,Jan 2009 - Jul 2009,https://myanimelist.net/anime/5258/Hajime_no_Ippo__New_Challenger,Madhouse,['Combat Sports'],['Sports'],Shounen,TV ,26,262534 ,2009-01-01,2009-07-01,0,0,0,0,1,0,0,0,0,0,0,0,0,0,0,0,0,0,0,0,0,0,0,0,0,0,0,0,0,0,0,0,0,0,0,0,0,0,0,0,0,0,0,0,0,0,0,0,1,0,0
64,8.66,Howl no Ugoku Shiro,Nov 2004 - Nov 2004,https://myanimelist.net/anime/431/Howl_no_Ugoku_Shiro,Studio Ghibli,['Not_available'],"['Adventure', 'Award Winning', 'Drama', 'Fantasy', 'Romance']",,Movie ,1,1229657 ,2004-11-01,2004-11-01,0,0,0,0,0,0,0,0,0,0,0,0,0,0,0,0,0,0,1,0,0,0,0,0,0,0,0,0,0,0,0,0,0,0,0,0,1,1,0,1,0,1,0,0,0,1,0,0,0,0,0
65,8.65,Jujutsu Kaisen,Oct 2020 - Mar 2021,https://myanimelist.net/anime/40748/Jujutsu_Kaisen,MAPPA,['School'],"['Action', 'Award Winning', 'Fantasy']",Shounen,TV ,24,2188231 ,2020-10-01,2021-03-01,0,0,0,0,0,0,0,0,0,0,0,0,0,0,0,0,0,0,0,0,0,0,0,0,0,0,1,0,0,0,0,0,0,0,0,1,0,1,0,0,0,1,0,0,0,0,0,0,0,0,0
66,8.65,Natsume Yuujinchou Shi,Jan 2012 - Mar 2012,https://myanimelist.net/anime/11665/Natsume_Yuujinchou_Shi,Brain's Base,"['Iyashikei', 'Mythology']","['Drama', 'Slice of Life', 'Supernatural']",Shoujo,TV ,13,233756 ,2012-01-01,2012-03-01,0,0,0,0,0,0,0,0,0,0,0,1,0,0,0,0,0,1,0,0,0,0,0,0,0,0,0,0,0,0,0,0,0,0,0,0,0,0,0,1,0,0,0,0,0,0,0,1,0,1,0
67,8.65,Shigatsu wa Kimi no Uso,Oct 2014 - Mar 2015,https://myanimelist.net/anime/23273/Shigatsu_wa_Kimi_no_Uso,A-1 Pictures,"['Music', 'School']","['Drama', 'Romance']",Shounen,TV ,22,2079207 ,2014-10-01,2015-03-01,0,0,0,0,0,0,0,0,0,0,0,0,0,0,0,0,1,0,0,0,0,0,0,0,0,0,1,0,0,0,0,0,0,0,0,0,0,0,0,1,0,0,0,0,0,1,0,0,0,0,0
68,8.65,Spy x Family,Apr 2022 - Jun 2022,https://myanimelist.net/anime/50265/Spy_x_Family,Wit Studio,['Childcare'],"['Action', 'Award Winning', 'Comedy']",Shounen,TV ,12,1287128 ,2022-04-01,2022-06-01,0,0,0,1,0,0,0,0,0,0,0,0,0,0,0,0,0,0,0,0,0,0,0,0,0,0,0,0,0,0,0,0,0,0,0,1,0,1,1,0,0,0,0,0,0,0,0,0,0,0,0
69,8.64,Kaguya-sama wa Kokurasetai? Tensai-tachi no Renai Zunousen,Apr 2020 - Jun 2020,https://myanimelist.net/anime/40591/Kaguya-sama_wa_Kokurasetai_Tensai-tachi_no_Renai_Zunousen,A-1 Pictures,"['Psychological', 'Romantic Subtext', 'School']",['Comedy'],Seinen,TV ,12,1229277 ,2020-04-01,2020-06-01,0,0,0,0,0,0,0,0,0,0,0,0,0,0,0,0,0,0,0,0,0,0,1,0,1,0,1,0,0,0,0,0,0,0,0,0,0,0,1,0,0,0,0,0,0,0,0,0,0,0,0
70,8.63,Haikyuu!! Second Season,Oct 2015 - Mar 2016,https://myanimelist.net/anime/28891/Haikyuu_Second_Season,Production I.G,"['School', 'Team Sports']",['Sports'],Shounen,TV ,25,1340602 ,2015-10-01,2016-03-01,0,0,0,0,0,0,0,0,0,0,0,0,0,0,0,0,0,0,0,0,0,0,0,0,0,0,1,0,0,0,0,1,0,0,0,0,0,0,0,0,0,0,0,0,0,0,0,0,1,0,0
71,8.63,Kimetsu no Yaiba Movie: Mugen Ressha-hen,Oct 2020 - Oct 2020,https://myanimelist.net/anime/40456/Kimetsu_no_Yaiba_Movie__Mugen_Ressha-hen,ufotable,['Historical'],"['Action', 'Fantasy']",Shounen,Movie ,1,1349991 ,2020-10-01,2020-10-01,0,0,0,0,0,0,0,0,0,1,0,0,0,0,0,0,0,0,0,0,0,0,0,0,0,0,0,0,0,0,0,0,0,0,0,1,0,0,0,0,0,1,0,0,0,0,0,0,0,0,0
72,8.63,Made in Abyss Movie 3: Fukaki Tamashii no Reimei,Jan 2020 - Jan 2020,https://myanimelist.net/anime/36862/Made_in_Abyss_Movie_3__Fukaki_Tamashii_no_Reimei,Kinema Citrus,"['Gore', 'Survival']","['Adventure', 'Drama', 'Fantasy', 'Mystery', 'Sci-Fi']",,Movie ,1,409631 ,2020-01-01,2020-01-01,0,0,0,0,0,0,0,0,1,0,0,0,0,0,0,0,0,0,0,0,0,0,0,0,0,0,0,0,0,0,1,0,0,0,0,0,1,0,0,1,0,1,0,1,0,0,1,0,0,0,0
73,8.63,Tengen Toppa Gurren Lagann,Apr 2007 - Sep 2007,https://myanimelist.net/anime/2001/Tengen_Toppa_Gurren_Lagann,Gainax,['Mecha'],"['Action', 'Adventure', 'Award Winning', 'Sci-Fi']",,TV ,27,1530633 ,2007-04-01,2007-09-01,0,0,0,0,0,0,0,0,0,0,0,0,0,0,1,0,0,0,0,0,0,0,0,0,0,0,0,0,0,0,0,0,0,0,0,1,1,1,0,0,0,0,0,0,0,0,1,0,0,0,0
74,8.62,Mo Dao Zu Shi: Wanjie Pian,Aug 2021 - Oct 2021,https://myanimelist.net/anime/40434/Mo_Dao_Zu_Shi__Wanjie_Pian,B.CMAY PICTURES,"['Historical', 'Mythology', 'Reincarnation']","['Action', 'Adventure', 'Drama', 'Fantasy', 'Mystery']",,ONA ,12,69627 ,2021-08-01,2021-10-01,0,0,0,0,0,0,0,0,0,1,0,0,0,0,0,0,0,1,0,0,0,0,0,1,0,0,0,0,0,0,0,0,0,0,0,1,1,0,0,1,0,1,0,1,0,0,0,0,0,0,0
75,8.62,Natsume Yuujinchou Roku,Apr 2017 - Jun 2017,https://myanimelist.net/anime/34591/Natsume_Yuujinchou_Roku,Shuka,"['Iyashikei', 'Mythology']","['Drama', 'Slice of Life', 'Supernatural']",Shoujo,TV ,11,175112 ,2017-04-01,2017-06-01,0,0,0,0,0,0,0,0,0,0,0,1,0,0,0,0,0,1,0,0,0,0,0,0,0,0,0,0,0,0,0,0,0,0,0,0,0,0,0,1,0,0,0,0,0,0,0,1,0,1,0
76,8.62,Ping Pong the Animation,Apr 2014 - Jun 2014,https://myanimelist.net/anime/22135/Ping_Pong_the_Animation,Tatsunoko Production,['Not_available'],"['Award Winning', 'Drama', 'Sports']",Seinen,TV ,11,368843 ,2014-04-01,2014-06-01,0,0,0,0,0,0,0,0,0,0,0,0,0,0,0,0,0,0,1,0,0,0,0,0,0,0,0,0,0,0,0,0,0,0,0,0,0,1,0,1,0,0,0,0,0,0,0,0,1,0,0
77,8.62,Shingeki no Kyojin Season 3,Jul 2018 - Oct 2018,https://myanimelist.net/anime/35760/Shingeki_no_Kyojin_Season_3,Wit Studio,"['Gore', 'Military', 'Survival']","['Action', 'Drama']",Shounen,TV ,12,2168167 ,2018-07-01,2018-10-01,0,0,0,0,0,0,0,0,1,0,0,0,0,0,0,1,0,0,0,0,0,0,0,0,0,0,0,0,0,0,1,0,0,0,0,1,0,0,0,1,0,0,0,0,0,0,0,0,0,0,0
78,8.62,Chainsaw Man,Oct 2022 - Dec 2022,https://myanimelist.net/anime/44511/Chainsaw_Man,MAPPA,['Gore'],"['Action', 'Fantasy']",Shounen,TV ,12,1189317 ,2022-10-01,2022-12-01,0,0,0,0,0,0,0,0,1,0,0,0,0,0,0,0,0,0,0,0,0,0,0,0,0,0,0,0,0,0,0,0,0,0,0,1,0,0,0,0,0,1,0,0,0,0,0,0,0,0,0
79,8.62,Death Note,Oct 2006 - Jun 2007,https://myanimelist.net/anime/1535/Death_Note,Madhouse,"['Detective', 'Psychological']","['Supernatural', 'Suspense']",Shounen,TV ,37,3659208 ,2006-10-01,2007-06-01,0,0,0,0,0,0,1,0,0,0,0,0,0,0,0,0,0,0,0,0,0,0,1,0,0,0,0,0,0,0,0,0,0,0,0,0,0,0,0,0,0,0,0,0,0,0,0,0,0,1,1
80,8.61,Cyberpunk: Edgerunners,Sep 2022 - Sep 2022,https://myanimelist.net/anime/42310/Cyberpunk__Edgerunners,Trigger,"['Gore', 'Psychological']","['Action', 'Sci-Fi']",,ONA ,10,526474 ,2022-09-01,2022-09-01,0,0,0,0,0,0,0,0,1,0,0,0,0,0,0,0,0,0,0,0,0,0,1,0,0,0,0,0,0,0,0,0,0,0,0,1,0,0,0,0,0,0,0,0,0,0,1,0,0,0,0
81,8.61,Evangelion: 3.0+1.0 Thrice Upon a Time,Mar 2021 - Mar 2021,https://myanimelist.net/anime/3786/Evangelion__30_10_Thrice_Upon_a_Time,Khara,"['Mecha', 'Psychological']","['Action', 'Award Winning', 'Drama', 'Sci-Fi', 'Suspense']",,Movie ,1,337621 ,2021-03-01,2021-03-01,0,0,0,0,0,0,0,0,0,0,0,0,0,0,1,0,0,0,0,0,0,0,1,0,0,0,0,0,0,0,0,0,0,0,0,1,0,1,0,1,0,0,0,0,0,0,1,0,0,0,1
82,8.61,Suzumiya Haruhi no Shoushitsu,Feb 2010 - Feb 2010,https://myanimelist.net/anime/7311/Suzumiya_Haruhi_no_Shoushitsu,Kyoto Animation,['School'],"['Award Winning', 'Mystery', 'Sci-Fi', 'Supernatural']",,Movie ,1,584479 ,2010-02-01,2010-02-01,0,0,0,0,0,0,0,0,0,0,0,0,0,0,0,0,0,0,0,0,0,0,0,0,0,0,1,0,0,0,0,0,0,0,0,0,0,1,0,0,0,0,0,1,0,0,1,0,0,1,0
83,8.6,Mushishi Zoku Shou: Suzu no Shizuku,May 2015 - May 2015,https://myanimelist.net/anime/28957/Mushishi_Zoku_Shou__Suzu_no_Shizuku,Artland,"['Adult Cast', 'Historical', 'Iyashikei']","['Adventure', 'Fantasy', 'Mystery', 'Slice of Life', 'Supernatural']",Seinen,Movie ,1,121641 ,2015-05-01,2015-05-01,1,0,0,0,0,0,0,0,0,1,0,1,0,0,0,0,0,0,0,0,0,0,0,0,0,0,0,0,0,0,0,0,0,0,0,0,1,0,0,0,0,1,0,1,0,0,0,1,0,1,0
84,8.6,Seishun Buta Yarou wa Yumemiru Shoujo no Yume wo Minai,Jun 2019 - Jun 2019,https://myanimelist.net/anime/38329/Seishun_Buta_Yarou_wa_Yumemiru_Shoujo_no_Yume_wo_Minai,CloverWorks,['School'],"['Drama', 'Romance', 'Supernatural']",,Movie ,1,651068 ,2019-06-01,2019-06-01,0,0,0,0,0,0,0,0,0,0,0,0,0,0,0,0,0,0,0,0,0,0,0,0,0,0,1,0,0,0,0,0,0,0,0,0,0,0,0,1,0,0,0,0,0,1,0,0,0,1,0
85,8.59,Suzume no Tojimari,Nov 2022 - Nov 2022,https://myanimelist.net/anime/50594/Suzume_no_Tojimari,CoMix Wave Films,['Not_available'],['Fantasy'],,Movie ,1,141284 ,2022-11-01,2022-11-01,0,0,0,0,0,0,0,0,0,0,0,0,0,0,0,0,0,0,1,0,0,0,0,0,0,0,0,0,0,0,0,0,0,0,0,0,0,0,0,0,0,1,0,0,0,0,0,0,0,0,0
86,8.59,Hajime no Ippo: Rising,Oct 2013 - Mar 2014,https://myanimelist.net/anime/19647/Hajime_no_Ippo__Rising,Madhouse,['Combat Sports'],['Sports'],Shounen,TV ,25,236502 ,2013-10-01,2014-03-01,0,0,0,0,1,0,0,0,0,0,0,0,0,0,0,0,0,0,0,0,0,0,0,0,0,0,0,0,0,0,0,0,0,0,0,0,0,0,0,0,0,0,0,0,0,0,0,0,1,0,0
87,8.58,JoJo no Kimyou na Bouken Part 5: Ougon no Kaze,Oct 2018 - Jul 2019,https://myanimelist.net/anime/37991/JoJo_no_Kimyou_na_Bouken_Part_5__Ougon_no_Kaze,David Production,['Organized Crime'],"['Action', 'Adventure', 'Supernatural']",Shounen,TV ,39,937760 ,2018-10-01,2019-07-01,0,0,0,0,0,0,0,0,0,0,0,0,0,0,0,0,0,0,0,1,0,0,0,0,0,0,0,0,0,0,0,0,0,0,0,1,1,0,0,0,0,0,0,0,0,0,0,0,0,1,0
88,8.58,Kizumonogatari II: Nekketsu-hen,Aug 2016 - Aug 2016,https://myanimelist.net/anime/31757/Kizumonogatari_II__Nekketsu-hen,Shaft,['Vampire'],"['Action', 'Mystery', 'Supernatural']",,Movie ,1,419418 ,2016-08-01,2016-08-01,0,0,0,0,0,0,0,0,0,0,0,0,0,0,0,0,0,0,0,0,0,0,0,0,0,0,0,0,0,0,0,0,0,1,0,1,0,0,0,0,0,0,0,1,0,0,0,0,0,1,0
89,8.58,Natsume Yuujinchou San,Jul 2011 - Sep 2011,https://myanimelist.net/anime/10379/Natsume_Yuujinchou_San,Brain's Base,"['Iyashikei', 'Mythology']","['Drama', 'Slice of Life', 'Supernatural']",Shoujo,TV ,13,240882 ,2011-07-01,2011-09-01,0,0,0,0,0,0,0,0,0,0,0,1,0,0,0,0,0,1,0,0,0,0,0,0,0,0,0,0,0,0,0,0,0,0,0,0,0,0,0,1,0,0,0,0,0,0,0,1,0,1,0
90,8.58,Ookami Kodomo no Ame to Yuki,Jul 2012 - Jul 2012,https://myanimelist.net/anime/12355/Ookami_Kodomo_no_Ame_to_Yuki,Studio Chizu,['Childcare'],"['Award Winning', 'Fantasy', 'Slice of Life']",,Movie ,1,774684 ,2012-07-01,2012-07-01,0,0,0,1,0,0,0,0,0,0,0,0,0,0,0,0,0,0,0,0,0,0,0,0,0,0,0,0,0,0,0,0,0,0,0,0,0,1,0,0,0,1,0,0,0,0,0,1,0,0,0
91,8.57,Natsume Yuujinchou Go,Oct 2016 - Dec 2016,https://myanimelist.net/anime/32983/Natsume_Yuujinchou_Go,Shuka,"['Iyashikei', 'Mythology']","['Drama', 'Slice of Life', 'Supernatural']",Shoujo,TV ,11,174416 ,2016-10-01,2016-12-01,0,0,0,0,0,0,0,0,0,0,0,1,0,0,0,0,0,1,0,0,0,0,0,0,0,0,0,0,0,0,0,0,0,0,0,0,0,0,0,1,0,0,0,0,0,0,0,1,0,1,0
92,8.57,Shouwa Genroku Rakugo Shinjuu,Jan 2016 - Apr 2016,https://myanimelist.net/anime/28735/Shouwa_Genroku_Rakugo_Shinjuu,Studio Deen,"['Historical', 'Love Polygon', 'Performing Arts']",['Drama'],Josei,TV ,13,278786 ,2016-01-01,2016-04-01,0,0,0,0,0,0,0,0,0,1,0,0,1,0,0,0,0,0,0,0,0,1,0,0,0,0,0,0,0,0,0,0,0,0,0,0,0,0,0,1,0,0,0,0,0,0,0,0,0,0,0
93,8.57,Tengen Toppa Gurren Lagann Movie 2: Lagann-hen,Apr 2009 - Apr 2009,https://myanimelist.net/anime/4565/Tengen_Toppa_Gurren_Lagann_Movie_2__Lagann-hen,Gainax,"['Mecha', 'Space', 'Super Power']","['Action', 'Sci-Fi']",,Movie ,1,204776 ,2009-04-01,2009-04-01,0,0,0,0,0,0,0,0,0,0,0,0,0,0,1,0,0,0,0,0,0,0,0,0,0,0,0,1,0,1,0,0,0,0,0,1,0,0,0,0,0,0,0,0,0,0,1,0,0,0,0
94,8.57,Yojouhan Shinwa Taikei,Apr 2010 - Jul 2010,https://myanimelist.net/anime/7785/Yojouhan_Shinwa_Taikei,Madhouse,"['Psychological', 'Time Travel']","['Award Winning', 'Comedy', 'Mystery', 'Romance']",,TV ,11,422892 ,2010-04-01,2010-07-01,0,0,0,0,0,0,0,0,0,0,0,0,0,0,0,0,0,0,0,0,0,0,1,0,0,0,0,0,0,0,0,0,1,0,0,0,0,1,1,0,0,0,0,1,0,1,0,0,0,0,0
95,8.56,Ousama Ranking,Oct 2021 - Mar 2022,https://myanimelist.net/anime/40834/Ousama_Ranking,Wit Studio,['Not_available'],"['Adventure', 'Fantasy']",,TV ,23,551059 ,2021-10-01,2022-03-01,0,0,0,0,0,0,0,0,0,0,0,0,0,0,0,0,0,0,1,0,0,0,0,0,0,0,0,0,0,0,0,0,0,0,0,0,1,0,0,0,0,1,0,0,0,0,0,0,0,0,0
96,8.56,Fruits Basket 2nd Season,Apr 2020 - Sep 2020,https://myanimelist.net/anime/40417/Fruits_Basket_2nd_Season,TMS Entertainment,['School'],"['Drama', 'Romance', 'Supernatural']",Shoujo,TV ,25,458158 ,2020-04-01,2020-09-01,0,0,0,0,0,0,0,0,0,0,0,0,0,0,0,0,0,0,0,0,0,0,0,0,0,0,1,0,0,0,0,0,0,0,0,0,0,0,0,1,0,0,0,0,0,1,0,0,0,1,0
97,8.56,Kenpuu Denki Berserk,Oct 1997 - Apr 1998,https://myanimelist.net/anime/33/Kenpuu_Denki_Berserk,OLM,"['Gore', 'Military', 'Mythology']","['Action', 'Adventure', 'Drama', 'Fantasy', 'Horror']",Seinen,TV ,25,595834 ,1997-10-01,1998-04-01,0,0,0,0,0,0,0,0,1,0,0,0,0,0,0,1,0,1,0,0,0,0,0,0,0,0,0,0,0,0,0,0,0,0,0,1,1,0,0,1,0,1,1,0,0,0,0,0,0,0,0
98,8.56,Kimi no Suizou wo Tabetai,Sep 2018 - Sep 2018,https://myanimelist.net/anime/36098/Kimi_no_Suizou_wo_Tabetai,Studio VOLN,['School'],"['Drama', 'Romance']",,Movie ,1,874096 ,2018-09-01,2018-09-01,0,0,0,0,0,0,0,0,0,0,0,0,0,0,0,0,0,0,0,0,0,0,0,0,0,0,1,0,0,0,0,0,0,0,0,0,0,0,0,1,0,0,0,0,0,1,0,0,0,0,0
99,8.55,Fate/Zero 2nd Season,Apr 2012 - Jun 2012,https://myanimelist.net/anime/11741/Fate_Zero_2nd_Season,ufotable,['Not_available'],"['Action', 'Fantasy', 'Supernatural']",,TV ,12,1062864 ,2012-04-01,2012-06-01,0,0,0,0,0,0,0,0,0,0,0,0,0,0,0,0,0,0,1,0,0,0,0,0,0,0,0,0,0,0,0,0,0,0,0,1,0,0,0,0,0,1,0,0,0,0,0,0,0,1,0
100,8.55,Karakai Jouzu no Takagi-san Movie,Jun 2022 - Jun 2022,https://myanimelist.net/anime/49722/Karakai_Jouzu_no_Takagi-san_Movie,Shin-Ei Animation,"['Iyashikei', 'Romantic Subtext', 'School']",['Not_available'],Shounen,Movie ,1,53176 ,2022-06-01,2022-06-01,0,0,0,0,0,0,0,0,0,0,0,1,0,0,0,0,0,0,0,0,0,0,0,0,1,0,1,0,0,0,0,0,0,0,0,0,0,0,0,0,0,0,0,0,1,0,0,0,0,0,0
